[
    {
        "name": "Childrens Products",
        "image": "../images/1lact.png",
        "description": "Products designed for children's needs."
    },
    {
        "name": "Household",
        "image": "../images/BA3pack.jpg",
        "description": "Find everything you need for your home."
    },
    {
        "name": "Health and Beauty",
        "image": "../images/BAPills.jpg",
        "description": "Explore our range of health and beauty products."
    },
    {
        "name": "All Products",
        "image": "../images/pinksalt.jpg",
        "description": "Browse all categories and products in one place."
    },
    {
        "name": "Cosmetic",
        "image": "../placeholder.jpg",
        "description": "Explore our range of cosmetic products."
    },
    {
        "name": "Beauty",
        "image": "../placeholder.jpg",
        "description": "Discover products to enhance your beauty."
    }
]