[
    {
        "value": "white",
        "label": "White"
    },
    {
        "value": "red",
        "label": "Red"
    },
    {
        "value": "blue",
        "label": "Blue"
    },
    {
        "value": "green",
        "label": "Green"
    },
    {
        "value": "black",
        "label": "Black"
    },
    {
        "value": "yellow",
        "label": "Yellow"
    },
    {
        "value": "#808080",
        "label": "Gray"
    },
    {
        "value": "#FFA500",
        "label": "Orange"
    },
    {
        "value": "#800080",
        "label": "Purple"
    },
    {
        "value": "#00FFFF",
        "label": "Cyan"
    },
    {
        "value": "#FF1493",
        "label": "Pink"
    },
    {
        "value": "#FFD700",
        "label": "Gold"
    },
    {
        "value": "#8B4513",
        "label": "Brown"
    },
    {
        "value": "#008000",
        "label": "Dark Green"
    },
    {
        "value": "#0000CD",
        "label": "Medium Blue"
    },
    {
        "value": "#4B0082",
        "label": "Indigo"
    },
    {
        "value": "#DC143C",
        "label": "Crimson"
    },
    {
        "value": "#708090",
        "label": "Slate Gray"
    },
    {
        "value": "#FF6347",
        "label": "Tomato"
    },
    {
        "value": "#00FF00",
        "label": "Lime"
    }
]