[
    {
        "value": "'Arial', sans-serif",
        "label": "Arial"
    },
    {
        "value": "'Times New Roman', serif",
        "label": "Times New Roman"
    },
    {
        "value": "Verdana, sans-serif",
        "label": "Verdana"
    },
    {
        "value": "Tahoma, sans-serif",
        "label": "Tahoma"
    },
    {
        "value": "'Courier New', monospace",
        "label": "Courier New"
    },
    {
        "value": "'Georgia', serif",
        "label": "Georgia"
    },
    {
        "value": "Impact, sans-serif",
        "label": "Impact"
    },
    {
        "value": "'Comic Sans MS', cursive",
        "label": "Comic Sans MS"
    },
    {
        "value": "'Lucida Console', monospace",
        "label": "Lucida Console"
    },
    {
        "value": "'Trebuchet MS', sans-serif",
        "label": "Trebuchet MS"
    },
    {
        "value": "'Roboto', sans-serif",
        "label": "Roboto"
    },
    {
        "value": "'Open Sans', sans-serif",
        "label": "Open Sans"
    },
    {
        "value": "'Lato', sans-serif",
        "label": "Lato"
    },
    {
        "value": "'Montserrat', sans-serif",
        "label": "Montserrat"
    },
    {
        "value": "'Playfair Display', serif",
        "label": "Playfair Display"
    },
    {
        "value": "'Oswald', sans-serif",
        "label": "Oswald"
    },
    {
        "value": "'Raleway', sans-serif",
        "label": "Raleway"
    },
    {
        "value": "'Ubuntu', sans-serif",
        "label": "Ubuntu"
    },
    {
        "value": "'Merriweather', serif",
        "label": "Merriweather"
    }
]